{
  "symbols":[
    {
      "name":"GameFundPK",
      "type":"GroupElement",
      "value":"0358ca7a890f5c237eca72e0d7f8290e808b089690504a0c47805cf489767ea53e"
    },
    {
      "name":"GameTokenNFTId",
      "type":"CollByte",
      "value":"3aa40d9ff6ed965b0a7ed89f2dc75a5d040cc479636c98531e9505e6f568b57a"
    },
    {
      "name":"blobERGAmount",
      "type":"Long",
      "value":"10000000"
    },
    {
      "name":"dAppBlobFee",
      "type":"Long",
      "value":"100000000"
    },
    {
      "name":"dAppFee",
      "type":"Long",
      "value":"10000000"
    },
    {
      "name":"minGamePrice",
      "type":"Long",
      "value":"100000000"
    }
  ]
}